Attribute,Target,Rulex,LIME,SHAP
NITR_S,OTEK_LANC,0.0,0.499530027,2.5407638429
fibr_ter_03,DRESSLER,0.0,0.2558138748,2.493211
n_r_ecg_p_05,FIBR_PREDS,0.0,0.2034541805,1.7011013
inf_im,A_V_BLOK,0.1436977395,0.1144690501,1.46685563
NITR_S,REC_IM,0.0,0.3190028767,1.2940225667
LID_S_n,FIBR_JELUD,0.0,0.2469733988,1.289318505
n_r_ecg_p_03,OTEK_LANC,0.0,0.1049572327,1.1250557525
INF_ANAM,RAZRIV,0.0,0.052238768,1.0947248845
NITR_S,ZSN,0.0,0.1720468548,1.030645315
NOT_NA_KB,P_IM_STEN,0.0,0.1157002498,0.944623875
DLIT_AG,PREDS_TAH,0.0,0.0787827129,0.8756172577
INF_ANAM,A_V_BLOK,0.0,0.0054931322,0.8658746
LID_S_n,PREDS_TAH,0.0,0.0596551837,0.8642897163
AGE,PREDS_TAH,0.0,0.0369972553,0.8294045908
AGE,FIBR_PREDS,0.0468576971,0.1474064179,0.8251019711
ROE,A_V_BLOK,0.0049683055,0.0217719255,0.7909124269
FK_STENOK,RAZRIV,0.0,0.0490582665,0.788146065
NOT_NA_3_n,RAZRIV,0.0721782079,0.2133636799,0.7671480901
ALT_BLOOD,PREDS_TAH,0.0055933052,0.0472648172,0.7246864191
S_AD_ORIT,FIBR_JELUD,0.0104047105,0.0636943856,0.7163227826
IBS_POST,DRESSLER,0.0,0.1736096932,0.7026647055
ritm_ecg_p_07,DRESSLER,0.0,0.084081963,0.701073785
AGE,FIBR_JELUD,0.0124227795,0.0943429084,0.6874168425
AGE,P_IM_STEN,0.0004377775,0.0816742309,0.6785942688
endocr_01,DRESSLER,0.0,0.081401564,0.661306615
B_BLOK_S_n,OTEK_LANC,0.0,0.0600115424,0.644828054
INF_ANAM,JELUD_TAH,0.0,0.0128949433,0.6443605
ant_im,FIBR_JELUD,0.0,0.0854989409,0.6303233175
IBS_POST,FIBR_PREDS,0.0304037537,0.1477295576,0.6291838986
TRENT_S_n,ZSN,0.0,0.0717254804,0.6161715023
ZSN_A,ZSN,0.0,0.0863633049,0.61607875
STENOK_AN,REC_IM,0.0818746958,0.0749829054,0.5756903844
TIME_B_S,P_IM_STEN,0.0,0.0431242362,0.5618566727
STENOK_AN,FIBR_PREDS,0.0,0.0560726947,0.5611086434
NITR_S,P_IM_STEN,0.0,0.0589190937,0.5586498467
LID_S_n,P_IM_STEN,0.0,0.1639813939,0.557561475
L_BLOOD,PREDS_TAH,0.0013560439,0.0344198881,0.5507868392
AGE,REC_IM,0.0150916852,0.0833492548,0.5484196488
L_BLOOD,A_V_BLOK,0.0,0.0290383865,0.5348682838
AGE,RAZRIV,0.0013614541,0.0350605803,0.5258171816
NA_R_1_n,OTEK_LANC,0.002733054,0.0739221462,0.4973819806
DLIT_AG,P_IM_STEN,0.0354974587,0.0202798223,0.4942504367
K_BLOOD,FIBR_JELUD,0.0012152261,0.0588907585,0.4877430633
NOT_NA_1_n,P_IM_STEN,0.0001055859,0.0826576613,0.487741
STENOK_AN,DRESSLER,0.0,0.0279218753,0.4858081189
NOT_NA_3_n,ZSN,0.0148495204,0.2693094572,0.4831260994
ALT_BLOOD,FIBR_PREDS,0.0001456619,0.0584068361,0.47417413
AGE,JELUD_TAH,0.0053788492,0.0119585691,0.4738456965
SEX,FIBR_PREDS,0.0,0.0055015244,0.4721841588
LID_S_n,DRESSLER,0.0,0.0714426573,0.46782698
ZSN_A,OTEK_LANC,0.0,0.0046407197,0.467655475
L_BLOOD,OTEK_LANC,0.0000254583,0.0306587972,0.4648279153
ALT_BLOOD,P_IM_STEN,0.0484444713,0.0856164612,0.4634954341
AST_BLOOD,ZSN,0.018910183,0.060543161,0.4610822001
L_BLOOD,JELUD_TAH,0.0005479596,0.0081245867,0.4601007867
ROE,RAZRIV,0.0,0.0354469778,0.4591489005
ROE,OTEK_LANC,0.0071301037,0.0657418522,0.457254577
ALT_BLOOD,JELUD_TAH,0.0002834929,0.0202055924,0.4553274682
STENOK_AN,ZSN,0.0,0.0812970914,0.4539880965
NOT_NA_2_n,RAZRIV,0.0,0.0760795943,0.4529784545
ritm_ecg_p_07,REC_IM,0.0,0.0706623727,0.4525705325
L_BLOOD,DRESSLER,0.0243970358,0.0244252966,0.448119262
zab_leg_02,ZSN,0.0,0.0442160476,0.446739584
SIM_GIPERT,DRESSLER,0.0,0.0112282942,0.44657847
STENOK_AN,JELUD_TAH,0.0,0.0079199908,0.4448715457
L_BLOOD,ZSN,0.0113306959,0.0613119308,0.4440990643
ROE,JELUD_TAH,0.0,0.0209511257,0.4402560069
LID_KB,RAZRIV,0.0,0.0139530338,0.43913591
NA_R_3_n,A_V_BLOK,0.0,0.081744519,0.4384973027
S_AD_ORIT,OTEK_LANC,0.0006501077,0.0405265845,0.4372919315
D_AD_ORIT,PREDS_TAH,0.0000128675,0.0364137396,0.4370802972
S_AD_ORIT,RAZRIV,0.0,0.0181313864,0.4334492228
TIME_B_S,RAZRIV,0.0059416915,0.0329118158,0.4332259321
nr_11,A_V_BLOK,0.0,0.0233006179,0.4256773
STENOK_AN,RAZRIV,0.0,0.0180831013,0.4244507239
endocr_01,REC_IM,0.0,0.1326112832,0.4225141
ZSN_A,RAZRIV,0.0,0.0185395785,0.422464765
TIME_B_S,OTEK_LANC,0.0009884209,0.0783668647,0.4192495889
IBS_POST,FIBR_JELUD,0.0,0.0429462021,0.41400214
inf_im,FIBR_PREDS,0.0,0.0446120922,0.4132309482
ALT_BLOOD,FIBR_JELUD,0.0055398291,0.0190714883,0.4031948278
L_BLOOD,REC_IM,0.0040306566,0.0552849038,0.402215257
ROE,PREDS_TAH,0.0000106311,0.0196856029,0.4015269646
ant_im,RAZRIV,0.0440485785,0.0349578986,0.4014274042
L_BLOOD,FIBR_PREDS,0.0000201721,0.0579128857,0.4011397968
R_AB_3_n,DRESSLER,0.0,0.029788095,0.3972534
R_AB_3_n,REC_IM,0.0,0.0906756613,0.38556254
K_BLOOD,JELUD_TAH,0.0005910856,0.0114346292,0.3827968545
NOT_NA_KB,REC_IM,0.0,0.1253428034,0.3813930717
zab_leg_01,FIBR_PREDS,0.0,0.058740872,0.380980615
INF_ANAM,FIBR_PREDS,0.0,0.0279039352,0.37471935
O_L_POST,OTEK_LANC,0.0,0.0556194964,0.3740509225
AGE,ZSN,0.0000201316,0.0578649906,0.3730677365
ROE,FIBR_JELUD,0.0065317319,0.0410876001,0.3689003128
fibr_ter_03,JELUD_TAH,0.0,0.0053859714,0.36513448
ALT_BLOOD,REC_IM,0.0,0.0709603233,0.3625981054
D_AD_ORIT,JELUD_TAH,0.0,0.0076841706,0.3624454667
AGE,DRESSLER,0.0,0.0376620082,0.3561381958
L_BLOOD,P_IM_STEN,0.0038736102,0.0203658167,0.35600466
n_p_ecg_p_03,ZSN,0.0,0.0259022887,0.35600351
AST_BLOOD,JELUD_TAH,0.0038508748,0.0153261856,0.3494927446
endocr_01,ZSN,0.0,0.039455601,0.3436956236
ant_im,P_IM_STEN,0.0,0.0250080166,0.3314510629
INF_ANAM,PREDS_TAH,0.0,0.0189310933,0.33129156
GB,PREDS_TAH,0.0,0.0199545972,0.3311946013
NOT_NA_1_n,REC_IM,0.0,0.0571432974,0.32961184
D_AD_ORIT,RAZRIV,0.0,0.0258718168,0.3270975685
ANT_CA_S_n,FIBR_JELUD,0.0,0.0384724353,0.3253002973
ALT_BLOOD,A_V_BLOK,0.0004592921,0.0318763431,0.3186716826
ROE,DRESSLER,0.0009897319,0.0257472966,0.3174000321
S_AD_ORIT,ZSN,0.0,0.0366905029,0.3142160141
L_BLOOD,FIBR_JELUD,0.0001282801,0.0180824481,0.3138956456
NA_BLOOD,DRESSLER,0.0058991441,0.0170779145,0.3129256943
ALT_BLOOD,OTEK_LANC,0.0012418584,0.0311796363,0.3128261042
DLIT_AG,REC_IM,0.0005890482,0.047099139,0.3124695658
NA_BLOOD,OTEK_LANC,0.0000804371,0.0305602411,0.305363047
ant_im,ZSN,0.0,0.0189928893,0.3047804814
INF_ANAM,ZSN,0.0,0.0197477828,0.3040937417
AGE,OTEK_LANC,0.0056081117,0.0235292137,0.3039261514
zab_leg_01,ZSN,0.0,0.0271293498,0.3036171278
AST_BLOOD,RAZRIV,0.00257815,0.0211435671,0.3030423514
S_AD_ORIT,JELUD_TAH,0.0097338782,0.0124360048,0.2973861
ROE,REC_IM,0.0294639621,0.0639871052,0.2973224859
SEX,A_V_BLOK,0.0,0.0025015496,0.2961809513
DLIT_AG,A_V_BLOK,0.0,0.0074686413,0.2948526854
S_AD_ORIT,DRESSLER,0.0009703325,0.0134384129,0.2898011182
AST_BLOOD,FIBR_PREDS,0.0266640317,0.0268401852,0.2862763058
TIME_B_S,FIBR_JELUD,0.0019987918,0.0162767306,0.2851922201
GB,FIBR_JELUD,0.0,0.0217516768,0.285078785
AST_BLOOD,DRESSLER,0.0006120591,0.0570165352,0.284847387
NA_KB,FIBR_JELUD,0.0,0.020764612,0.284415726
GB,JELUD_TAH,0.0069216679,0.0116170246,0.2836846225
ROE,P_IM_STEN,0.0027278125,0.0272709732,0.2802062298
INF_ANAM,DRESSLER,0.0,0.1047303185,0.2777941615
AST_BLOOD,A_V_BLOK,0.0000041689,0.0123022321,0.2774219014
IBS_POST,P_IM_STEN,0.0,0.1423984628,0.2747864836
D_AD_ORIT,OTEK_LANC,0.0004799626,0.0141034882,0.2709191023
ANT_CA_S_n,PREDS_TAH,0.0,0.0486884949,0.26814035
NA_R_2_n,OTEK_LANC,0.0149911293,0.0482938586,0.2662994678
NA_BLOOD,P_IM_STEN,0.0009733237,0.0811509169,0.2625911495
NA_BLOOD,ZSN,0.0074003627,0.0354653942,0.260903653
NA_BLOOD,FIBR_JELUD,0.0,0.0158855476,0.2522437067
R_AB_1_n,ZSN,0.0,0.0141711851,0.24639145
lat_im,RAZRIV,0.0,0.0104606701,0.2457892225
ALT_BLOOD,RAZRIV,0.0000341787,0.0132370573,0.2414903076
LID_KB,REC_IM,0.0,0.0425767285,0.24093624
S_AD_ORIT,REC_IM,0.0000252446,0.0345153623,0.23964083
LID_S_n,FIBR_PREDS,0.0,0.0780603268,0.2395231513
NA_KB,JELUD_TAH,0.0,0.0052250048,0.238691106
n_r_ecg_p_05,JELUD_TAH,0.0,0.0131203803,0.2378432
ritm_ecg_p_01,A_V_BLOK,0.0,0.0267467299,0.236373262
LID_S_n,RAZRIV,0.0,0.0124492974,0.2357641902
ALT_BLOOD,ZSN,0.0000175655,0.0311618507,0.2343579954
AST_BLOOD,P_IM_STEN,0.0018880709,0.0337310537,0.2326214839
ant_im,PREDS_TAH,0.0104189528,0.0227354825,0.2321637075
D_AD_ORIT,A_V_BLOK,0.0,0.0157105791,0.2311877665
fibr_ter_03,REC_IM,0.0,0.0301186232,0.23114142
TIME_B_S,FIBR_PREDS,0.0781003621,0.0282525837,0.2308206683
STENOK_AN,P_IM_STEN,0.0,0.0177786867,0.2258397938
L_BLOOD,RAZRIV,0.0004688036,0.0116521994,0.2239167293
NA_R_3_n,ZSN,0.0202038015,0.0275456992,0.2216488616
n_r_ecg_p_05,P_IM_STEN,0.0,0.020395537,0.22156365
ritm_ecg_p_01,JELUD_TAH,0.0,0.0169168105,0.22121834
TIME_B_S,ZSN,0.0134025223,0.0174369498,0.2205717944
NA_KB,PREDS_TAH,0.0,0.0172195566,0.219905788
IBS_POST,REC_IM,0.0,0.0525539914,0.2190447127
endocr_02,ZSN,0.0,0.0577286417,0.2189830733
ROE,ZSN,0.0,0.0257728713,0.2181652629
NA_BLOOD,REC_IM,0.0011148403,0.0700415008,0.2173135185
n_p_ecg_p_12,ZSN,0.0,0.030899812,0.21700721
ANT_CA_S_n,A_V_BLOK,0.0,0.0225991699,0.2145778201
K_BLOOD,REC_IM,0.0000963665,0.0428478612,0.2143062182
nr_03,FIBR_PREDS,0.0,0.0551873706,0.21159372
DLIT_AG,FIBR_JELUD,0.0,0.0237393137,0.2115704486
STENOK_AN,OTEK_LANC,0.0,0.0358414495,0.2114862696
K_BLOOD,DRESSLER,0.000574666,0.0168011351,0.2110961035
NITR_S,DRESSLER,0.0,0.0045456746,0.2109919833
endocr_01,OTEK_LANC,0.0,0.0198523856,0.2109038195
MP_TP_POST,A_V_BLOK,0.0,0.0177427318,0.209809806
NOT_NA_1_n,RAZRIV,0.0,0.0229047603,0.2074241764
GB,FIBR_PREDS,0.0044589751,0.0297949236,0.2055218354
S_AD_ORIT,FIBR_PREDS,0.0,0.0216291816,0.2047702485
IBS_POST,OTEK_LANC,0.0,0.0614752122,0.2026696688
ROE,FIBR_PREDS,0.0000236105,0.0130773309,0.1986907941
FK_STENOK,FIBR_PREDS,0.0,0.0222504407,0.1984552476
LID_KB,P_IM_STEN,0.0,0.0515896808,0.1954287767
ant_im,DRESSLER,0.0,0.0270451165,0.1927325691
endocr_01,A_V_BLOK,0.0,0.0024676286,0.1909899325
SEX,JELUD_TAH,0.0,0.0008099859,0.1900144288
ant_im,OTEK_LANC,0.0,0.0310673185,0.1899318398
NOT_NA_KB,JELUD_TAH,0.0,0.0082996565,0.18884269
lat_im,REC_IM,0.0004572685,0.0451280103,0.188670745
NOT_NA_1_n,OTEK_LANC,0.0000310102,0.0401334757,0.1857164409
AGE,A_V_BLOK,0.0000122067,0.015556943,0.183897134
R_AB_3_n,P_IM_STEN,0.0,0.0276899223,0.18278956
TIME_B_S,DRESSLER,0.0,0.0136673022,0.1819925487
endocr_01,P_IM_STEN,0.0,0.032565034,0.18178898
NA_R_3_n,FIBR_PREDS,0.026671733,0.1117043964,0.1786025157
NA_BLOOD,FIBR_PREDS,0.0108858941,0.0778589014,0.1782842951
D_AD_ORIT,ZSN,0.0017518794,0.0146312474,0.1764361101
ANT_CA_S_n,JELUD_TAH,0.0,0.0137007986,0.1760946433
D_AD_ORIT,FIBR_PREDS,0.0000596325,0.0391571524,0.1752412336
n_r_ecg_p_03,ZSN,0.0,0.0228025733,0.1733878458
lat_im,OTEK_LANC,0.0,0.0180582575,0.171838349
D_AD_ORIT,FIBR_JELUD,0.0084677898,0.0148207143,0.1713520092
NA_BLOOD,RAZRIV,0.0005553555,0.0131164686,0.1684259186
inf_im,OTEK_LANC,0.0,0.0246976264,0.1680999607
NA_KB,RAZRIV,0.0,0.0139559112,0.1679722242
GB,ZSN,0.0,0.0273657598,0.1671176821
n_p_ecg_p_07,REC_IM,0.0,0.0468909457,0.16530715
ant_im,FIBR_PREDS,0.0,0.0373285889,0.1649989092
INF_ANAM,FIBR_JELUD,0.0,0.0271256275,0.16251506
AST_BLOOD,FIBR_JELUD,0.0,0.0243989045,0.1622359478
D_AD_ORIT,REC_IM,0.0005920487,0.0297095093,0.1616257929
NOT_NA_KB,DRESSLER,0.0,0.0505606941,0.1610396667
TIME_B_S,REC_IM,0.000992407,0.0257105566,0.1600511743
NA_R_3_n,FIBR_JELUD,0.0,0.0273126487,0.1568765685
ASP_S_n,A_V_BLOK,0.0,0.0121141601,0.1545999438
NOT_NA_KB,PREDS_TAH,0.0,0.0127191499,0.153793378
zab_leg_03,OTEK_LANC,0.0,0.0210640048,0.1516151
NA_BLOOD,PREDS_TAH,0.0,0.0051335904,0.1510572782
inf_im,ZSN,0.0,0.0485405158,0.1498656306
R_AB_1_n,OTEK_LANC,0.0,0.0284091762,0.1481574
K_BLOOD,FIBR_PREDS,0.0000777612,0.028154121,0.1475540043
AST_BLOOD,PREDS_TAH,0.0,0.0053318204,0.146750615
FK_STENOK,FIBR_JELUD,0.0,0.0163263467,0.1465370605
DLIT_AG,DRESSLER,0.0047731396,0.0037644626,0.1458022556
NA_BLOOD,A_V_BLOK,0.0028400252,0.0136442123,0.145631219
S_AD_ORIT,A_V_BLOK,0.0004044632,0.0063178874,0.1445679298
NA_R_3_n,RAZRIV,0.0,0.0039528092,0.1444680429
inf_im,RAZRIV,0.0,0.005537017,0.1439426017
AST_BLOOD,OTEK_LANC,0.0000029246,0.0066250566,0.1415463617
DLIT_AG,FIBR_PREDS,0.0,0.0078748141,0.1409056957
SEX,PREDS_TAH,0.0,0.0026269553,0.1399217445
S_AD_ORIT,P_IM_STEN,0.0008062359,0.029290107,0.1395978579
K_BLOOD,A_V_BLOK,0.0008877097,0.0173546229,0.1393275939
LID_S_n,A_V_BLOK,0.0,0.0086191834,0.1364342988
lat_im,ZSN,0.0,0.020518002,0.1343999581
NA_KB,OTEK_LANC,0.0,0.0300552313,0.1331581162
ALT_BLOOD,DRESSLER,0.0014821129,0.0198523548,0.1324054496
ant_im,REC_IM,0.0,0.0314038831,0.1286310959
ANT_CA_S_n,P_IM_STEN,0.0,0.0229696808,0.1283760275
K_BLOOD,ZSN,0.0013685939,0.0118896313,0.1274850531
K_BLOOD,OTEK_LANC,0.0,0.0141866475,0.1265475212
NA_KB,ZSN,0.0,0.0124311695,0.1243451359
K_BLOOD,P_IM_STEN,0.0030039569,0.0204225659,0.124307648
O_L_POST,ZSN,0.0,0.0101700745,0.121946972
zab_leg_02,RAZRIV,0.0,0.0085361166,0.1205606016
ANT_CA_S_n,REC_IM,0.0,0.0384792998,0.1204730274
SEX,OTEK_LANC,0.0,0.0043909444,0.119684534
GEPAR_S_n,DRESSLER,0.0,0.0,0.1194135827
R_AB_1_n,FIBR_PREDS,0.0,0.0410555705,0.1187691539
inf_im,JELUD_TAH,0.0,0.0089224607,0.1179066337
NA_BLOOD,JELUD_TAH,0.0,0.0040827079,0.1168803059
STENOK_AN,PREDS_TAH,0.0,0.0070406286,0.1166874283
S_AD_ORIT,PREDS_TAH,0.0,0.0068682193,0.1166386232
GB,A_V_BLOK,0.0,0.0051598594,0.1161519378
zab_leg_02,OTEK_LANC,0.0,0.0174044948,0.115736714
LID_S_n,REC_IM,0.0,0.0338064197,0.1156088738
GB,RAZRIV,0.0,0.0187018455,0.1115444811
ritm_ecg_p_01,FIBR_JELUD,0.0,0.0219919537,0.110362555
DLIT_AG,ZSN,0.0055249603,0.0074044173,0.107208063
NA_R_1_n,REC_IM,0.0,0.0092931317,0.1059107126
NOT_NA_1_n,DRESSLER,0.0,0.008029091,0.103767335
SEX,ZSN,0.0,0.0051014198,0.1035317104
STENOK_AN,FIBR_JELUD,0.0,0.008338561,0.1033283683
AST_BLOOD,REC_IM,0.0007514645,0.0292300405,0.1018367175
FK_STENOK,JELUD_TAH,0.0,0.0087692677,0.101482862
TIME_B_S,A_V_BLOK,0.0026348503,0.0075404508,0.1014811234
D_AD_ORIT,P_IM_STEN,0.0002708979,0.0228592957,0.1008570622
GEPAR_S_n,OTEK_LANC,0.0,0.0377000981,0.099552286
GB,OTEK_LANC,0.0002218586,0.0166160173,0.0987064636
FK_STENOK,OTEK_LANC,0.0,0.0210154575,0.097779495
IBS_POST,JELUD_TAH,0.0,0.0024188267,0.0975932409
DLIT_AG,RAZRIV,0.0,0.0104301396,0.0967387037
R_AB_3_n,ZSN,0.0,0.0143626308,0.096353456
NA_R_1_n,ZSN,0.000167042,0.0200593688,0.094854208
ANT_CA_S_n,FIBR_PREDS,0.0,0.0196725915,0.0947907278
NOT_NA_2_n,OTEK_LANC,0.0009607572,0.0299866071,0.093838049
TIME_B_S,JELUD_TAH,0.0,0.0047773212,0.0920978578
ritm_ecg_p_02,ZSN,0.0,0.0107306138,0.0919932116
LID_S_n,OTEK_LANC,0.0,0.0169650822,0.0910395471
NITR_S,RAZRIV,0.0,0.0064912499,0.090611113
DLIT_AG,OTEK_LANC,0.0,0.013227288,0.0904883545
GEPAR_S_n,RAZRIV,0.0,0.0143264218,0.0889727969
TRENT_S_n,OTEK_LANC,0.0,0.0059637446,0.0882596282
GEPAR_S_n,ZSN,0.0,0.0372250319,0.0859589277
K_BLOOD,PREDS_TAH,0.0000321686,0.003554383,0.085189554
INF_ANAM,P_IM_STEN,0.0006580068,0.0307614036,0.0851472328
inf_im,PREDS_TAH,0.0,0.0069880866,0.0847239855
K_BLOOD,RAZRIV,0.0000140625,0.0060257513,0.0843830651
NOT_NA_3_n,OTEK_LANC,0.0011083804,0.0216789643,0.0837695187
NA_KB,FIBR_PREDS,0.0,0.0215649934,0.0832580358
SIM_GIPERT,ZSN,0.0,0.0038085489,0.083124764
R_AB_2_n,ZSN,0.0,0.0055334908,0.0829167308
lat_im,DRESSLER,0.0,0.0036869483,0.0828627075
NOT_NA_KB,FIBR_PREDS,0.0,0.0069690471,0.0827327783
NOT_NA_KB,A_V_BLOK,0.0,0.0027791728,0.0825566358
IBS_POST,RAZRIV,0.0,0.0037267129,0.0804318017
NA_R_1_n,P_IM_STEN,0.003360982,0.0170667723,0.0794798952
NA_R_2_n,ZSN,0.0093046213,0.0295762108,0.0790603643
n_p_ecg_p_07,DRESSLER,0.0,0.0227938152,0.075657375
D_AD_ORIT,DRESSLER,0.0,0.0271709599,0.0749087225
R_AB_1_n,FIBR_JELUD,0.0,0.0185115177,0.0745009501
TIME_B_S,PREDS_TAH,0.0,0.0035620705,0.0736088862
INF_ANAM,OTEK_LANC,0.0,0.0052524811,0.0707748314
IBS_POST,ZSN,0.0,0.010887161,0.0690532439
LID_KB,ZSN,0.0,0.0046209632,0.0681549968
ASP_S_n,FIBR_PREDS,0.0,0.0306590374,0.0669709265
IBS_POST,A_V_BLOK,0.0,0.0085753896,0.066731192
ASP_S_n,FIBR_JELUD,0.0,0.0147598263,0.0666852113
lat_im,P_IM_STEN,0.0002278105,0.0205865011,0.0631133232
GEPAR_S_n,REC_IM,0.0,0.0,0.0627430467
NA_R_1_n,RAZRIV,0.0,0.0092861184,0.0622908559
ritm_ecg_p_01,FIBR_PREDS,0.0,0.0053426751,0.0600466704
R_AB_2_n,REC_IM,0.0,0.0037444876,0.059348892
IBS_POST,PREDS_TAH,0.0,0.0044345136,0.0567002529
LID_S_n,JELUD_TAH,0.0,0.0032264221,0.0562769029
NA_KB,A_V_BLOK,0.0,0.0046913758,0.0552213756
ANT_CA_S_n,DRESSLER,0.0,0.0117073715,0.0550489045
INF_ANAM,REC_IM,0.0065178387,0.0153502003,0.054535667
ritm_ecg_p_02,OTEK_LANC,0.0,0.0071297004,0.0528151743
GB,P_IM_STEN,0.0,0.0184344458,0.052641995
ritm_ecg_p_01,PREDS_TAH,0.0,0.0034653115,0.0515871156
LID_KB,OTEK_LANC,0.0,0.0061808191,0.0504809711
TRENT_S_n,RAZRIV,0.0,0.004028428,0.0503337109
ritm_ecg_p_02,FIBR_PREDS,0.0,0.0202758416,0.0478796885
NOT_NA_3_n,REC_IM,0.0,0.0296269547,0.0470344353
GB,DRESSLER,0.0,0.0117600837,0.04596866
ritm_ecg_p_08,FIBR_PREDS,0.0,0.006264307,0.04562733
NOT_NA_2_n,ZSN,0.0,0.0143172229,0.0443610348
LID_KB,FIBR_PREDS,0.0,0.0212137102,0.0415595557
LID_KB,A_V_BLOK,0.0,0.0043757566,0.0411537503
NA_R_2_n,FIBR_PREDS,0.0,0.0169104225,0.0411440115
ant_im,JELUD_TAH,0.0,0.0074806956,0.039665814
n_r_ecg_p_01,FIBR_PREDS,0.0,0.0278345485,0.03912746
DLIT_AG,JELUD_TAH,0.0,0.0022913724,0.0387152489
R_AB_1_n,P_IM_STEN,0.0,0.010158298,0.0383662384
STENOK_AN,A_V_BLOK,0.0,0.0037067704,0.0380862484
zab_leg_01,OTEK_LANC,0.0,0.0074941297,0.0370518486
R_AB_3_n,OTEK_LANC,0.0,0.0088925636,0.0366635734
NA_R_3_n,JELUD_TAH,0.0,0.0122983905,0.035959892
ant_im,A_V_BLOK,0.0,0.004429083,0.0356447761
R_AB_1_n,JELUD_TAH,0.0,0.0046980734,0.0352991875
NA_R_3_n,OTEK_LANC,0.0,0.0089975021,0.034637943
R_AB_2_n,P_IM_STEN,0.0,0.0051425239,0.033516254
GB,REC_IM,0.0039791124,0.0047616162,0.03258007
FK_STENOK,ZSN,0.0,0.0134731166,0.032542266
R_AB_1_n,REC_IM,0.0,0.0060669574,0.030037725
NA_R_3_n,REC_IM,0.0,0.0118589421,0.0295239842
B_BLOK_S_n,P_IM_STEN,0.0,0.0064972756,0.027585898
B_BLOK_S_n,FIBR_PREDS,0.0,0.0015950703,0.023222314
LID_KB,FIBR_JELUD,0.0,0.0066440536,0.023201411
inf_im,FIBR_JELUD,0.0,0.006496836,0.0229475531
GEPAR_S_n,P_IM_STEN,0.0,0.0,0.0228680871
NA_R_2_n,A_V_BLOK,0.001692514,0.0054389549,0.0223018106
NA_R_1_n,DRESSLER,0.0,0.0040545549,0.0213850307
B_BLOK_S_n,FIBR_JELUD,0.0,0.0035928796,0.020551104
NA_R_2_n,DRESSLER,0.0,0.0073179728,0.0198243956
NA_R_3_n,DRESSLER,0.0,0.0139171987,0.019466669
NOT_NA_1_n,ZSN,0.0,0.0054020244,0.0182306628
ASP_S_n,JELUD_TAH,0.0,0.0034254126,0.0175858
NOT_NA_2_n,A_V_BLOK,0.0008245231,0.0085310709,0.0168077828
NA_R_2_n,P_IM_STEN,0.0,0.0112492502,0.0166229345
NOT_NA_2_n,REC_IM,0.0001178521,0.0147306593,0.0165426575
R_AB_1_n,RAZRIV,0.0,0.002817479,0.01626131
NA_R_2_n,RAZRIV,0.0,0.0041606339,0.0122003857
ZSN_A,REC_IM,0.0,0.0226450063,0.0108330192
SEX,RAZRIV,0.0,0.0024669806,0.0102896022
NOT_NA_3_n,P_IM_STEN,0.0,0.009162277,0.0070865499
FK_STENOK,A_V_BLOK,0.0,0.0040414196,0.0069711559
R_AB_1_n,A_V_BLOK,0.0001131389,0.0038259751,0.0067481124
R_AB_1_n,DRESSLER,0.0,0.0179864082,0.0067090138
ASP_S_n,PREDS_TAH,0.0,0.0027815366,0.0
B_BLOK_S_n,PREDS_TAH,0.0,0.0030538127,0.0
fibr_ter_03,PREDS_TAH,0.0,0.0027681715,0.0
NA_R_2_n,PREDS_TAH,0.0,0.0037974102,0.0
NA_R_3_n,PREDS_TAH,0.0,0.0044131014,0.0
NOT_NA_2_n,PREDS_TAH,0.0,0.0040404111,0.0
R_AB_1_n,PREDS_TAH,0.0,0.0031151663,0.0
ritm_ecg_p_08,PREDS_TAH,0.0,0.0202186924,0.0
endocr_01,PREDS_TAH,0.0,0.0024117376,0.0
FK_STENOK,PREDS_TAH,0.0,0.0024781785,0.0
n_p_ecg_p_07,PREDS_TAH,0.0,0.0028748623,0.0
LID_KB,PREDS_TAH,0.0,0.0044954071,0.0
MP_TP_POST,PREDS_TAH,0.0,0.0045835198,0.0
n_r_ecg_p_05,PREDS_TAH,0.0,0.0041382643,0.0
nr_11,PREDS_TAH,0.0,0.0089926316,0.0
ritm_ecg_p_02,PREDS_TAH,0.0,0.0033093553,0.0
n_r_ecg_p_03,PREDS_TAH,0.0,0.0040024205,0.0
NITR_S,PREDS_TAH,0.0,0.0003130267,0.0
nr_04,PREDS_TAH,0.0,0.005765288,0.0
zab_leg_03,PREDS_TAH,0.0,0.0018647627,0.0
ZSN_A,PREDS_TAH,0.0,0.0058719546,0.0
n_p_ecg_p_10,PREDS_TAH,0.0,0.0024099512,0.0
zab_leg_01,PREDS_TAH,0.0,0.0098483076,0.0
nr_03,PREDS_TAH,0.0,0.0115072208,0.0
n_r_ecg_p_01,PREDS_TAH,0.0,0.0014059396,0.0
fibr_ter_03,FIBR_PREDS,0.0,0.0100586937,0.0
NOT_NA_2_n,FIBR_PREDS,0.0,0.0071778337,0.0
endocr_01,FIBR_PREDS,0.0,0.0057047699,0.0
n_p_ecg_p_07,FIBR_PREDS,0.0,0.0063841608,0.0
MP_TP_POST,FIBR_PREDS,0.0,0.011991672,0.0
nr_11,FIBR_PREDS,0.0,0.0236787854,0.0
n_r_ecg_p_03,FIBR_PREDS,0.0,0.0156582078,0.0
NITR_S,FIBR_PREDS,0.0,0.0078697389,0.0
nr_04,FIBR_PREDS,0.0,0.0115091865,0.0
zab_leg_03,FIBR_PREDS,0.0,0.0067313508,0.0
ZSN_A,FIBR_PREDS,0.0,0.0098273614,0.0
n_p_ecg_p_10,FIBR_PREDS,0.0,0.0076895641,0.0
B_BLOK_S_n,A_V_BLOK,0.0,0.0077878779,0.0
fibr_ter_03,A_V_BLOK,0.0,0.0076138743,0.0
ritm_ecg_p_08,A_V_BLOK,0.0,0.0072265399,0.0
n_p_ecg_p_07,A_V_BLOK,0.0,0.0028122085,0.0
n_r_ecg_p_05,A_V_BLOK,0.0,0.0056881435,0.0
ritm_ecg_p_02,A_V_BLOK,0.0,0.0044049078,0.0
n_r_ecg_p_03,A_V_BLOK,0.0,0.0051702789,0.0
NITR_S,A_V_BLOK,0.0,0.0027945814,0.0
nr_04,A_V_BLOK,0.0,0.0146269214,0.0
zab_leg_03,A_V_BLOK,0.0,0.0165366465,0.0
ZSN_A,A_V_BLOK,0.0,0.0118045079,0.0
n_p_ecg_p_10,A_V_BLOK,0.0,0.004884603,0.0
zab_leg_01,A_V_BLOK,0.0,0.0099133329,0.0
nr_03,A_V_BLOK,0.0,0.0059957115,0.0
n_r_ecg_p_01,A_V_BLOK,0.0,0.0001299791,0.0
B_BLOK_S_n,JELUD_TAH,0.0,0.0050294616,0.0
NA_R_2_n,JELUD_TAH,0.0,0.0022316554,0.0
NOT_NA_2_n,JELUD_TAH,0.0,0.0026059054,0.0
ritm_ecg_p_08,JELUD_TAH,0.0,0.003466853,0.0
endocr_01,JELUD_TAH,0.0,0.002540806,0.0
n_p_ecg_p_07,JELUD_TAH,0.0,0.0002166541,0.0
LID_KB,JELUD_TAH,0.0,0.0009406603,0.0
MP_TP_POST,JELUD_TAH,0.0,0.0051804019,0.0
nr_11,JELUD_TAH,0.0,0.0075617786,0.0
ritm_ecg_p_02,JELUD_TAH,0.0,0.0042683538,0.0
n_r_ecg_p_03,JELUD_TAH,0.0,0.0020967032,0.0
NITR_S,JELUD_TAH,0.0,0.0027505225,0.0
nr_04,JELUD_TAH,0.0,0.0060920606,0.0
zab_leg_03,JELUD_TAH,0.0,0.0011405441,0.0
ZSN_A,JELUD_TAH,0.0,0.0100282482,0.0
n_p_ecg_p_10,JELUD_TAH,0.0,0.0091333293,0.0
zab_leg_01,JELUD_TAH,0.0,0.0045265512,0.0
nr_03,JELUD_TAH,0.0,0.0039045782,0.0
n_r_ecg_p_01,JELUD_TAH,0.0,0.0062759938,0.0
fibr_ter_03,FIBR_JELUD,0.0,0.0084556741,0.0
NA_R_2_n,FIBR_JELUD,0.0,0.0059038845,0.0
NOT_NA_2_n,FIBR_JELUD,0.0,0.0064658825,0.0
ritm_ecg_p_08,FIBR_JELUD,0.0,0.0012271421,0.0
SEX,FIBR_JELUD,0.0,0.0048643384,0.0
endocr_01,FIBR_JELUD,0.0,0.0046769397,0.0
n_p_ecg_p_07,FIBR_JELUD,0.0,0.0092693948,0.0
MP_TP_POST,FIBR_JELUD,0.0,0.00594592,0.0
n_r_ecg_p_05,FIBR_JELUD,0.0,0.0063979724,0.0
nr_11,FIBR_JELUD,0.0,0.019847475,0.0
ritm_ecg_p_02,FIBR_JELUD,0.0,0.0090063044,0.0
n_r_ecg_p_03,FIBR_JELUD,0.0,0.0044121941,0.0
NOT_NA_KB,FIBR_JELUD,0.0,0.0036164007,0.0
NITR_S,FIBR_JELUD,0.0,0.0081366009,0.0
nr_04,FIBR_JELUD,0.0,0.0201292984,0.0
zab_leg_03,FIBR_JELUD,0.0,0.0002119879,0.0
ZSN_A,FIBR_JELUD,0.0,0.0025875048,0.0
n_p_ecg_p_10,FIBR_JELUD,0.0,0.0140110467,0.0
zab_leg_01,FIBR_JELUD,0.0,0.0085728488,0.0
nr_03,FIBR_JELUD,0.0,0.0029833902,0.0
n_r_ecg_p_01,FIBR_JELUD,0.0,0.0189110376,0.0
n_p_ecg_p_10,OTEK_LANC,0.0,0.0076899723,0.0
n_r_ecg_p_05,OTEK_LANC,0.0,0.0093881177,0.0
R_AB_2_n,OTEK_LANC,0.0,0.0055843395,0.0
nr_03,OTEK_LANC,0.0,0.0149813077,0.0
n_p_ecg_p_03,OTEK_LANC,0.0,0.011056498,0.0
n_r_ecg_p_04,OTEK_LANC,0.0,0.0068101186,0.0
n_p_ecg_p_12,OTEK_LANC,0.0,0.0065637453,0.0
SIM_GIPERT,OTEK_LANC,0.0,0.010206701,0.0
nr_11,OTEK_LANC,0.0,0.0143599062,0.0
ritm_ecg_p_04,OTEK_LANC,0.0,0.0369090485,0.0
endocr_02,OTEK_LANC,0.0,0.0189530612,0.0
n_p_ecg_p_07,OTEK_LANC,0.0,0.0063939605,0.0
fibr_ter_03,OTEK_LANC,0.0,0.0101315816,0.0
n_r_ecg_p_01,OTEK_LANC,0.0,0.0093565107,0.0
n_p_ecg_p_11,OTEK_LANC,0.0,0.0336880218,0.0
np_05,OTEK_LANC,0.0,0.0103072445,0.0
zab_leg_03,RAZRIV,0.0,0.009761461,0.0
n_p_ecg_p_10,RAZRIV,0.0,0.0259981557,0.0
n_r_ecg_p_05,RAZRIV,0.0,0.0085336061,0.0
O_L_POST,RAZRIV,0.0,0.0043440069,0.0
R_AB_2_n,RAZRIV,0.0,0.0041491275,0.0
R_AB_3_n,RAZRIV,0.0,0.0031125661,0.0
endocr_01,RAZRIV,0.0,0.0032514719,0.0
n_r_ecg_p_03,RAZRIV,0.0,0.0051217821,0.0
nr_03,RAZRIV,0.0,0.0059458251,0.0
n_p_ecg_p_03,RAZRIV,0.0,0.0063160563,0.0
n_r_ecg_p_04,RAZRIV,0.0,0.007397431,0.0
n_p_ecg_p_12,RAZRIV,0.0,0.0090952154,0.0
ritm_ecg_p_02,RAZRIV,0.0,0.004204291,0.0
SIM_GIPERT,RAZRIV,0.0,0.0108393127,0.0
nr_11,RAZRIV,0.0,0.0131664688,0.0
ritm_ecg_p_04,RAZRIV,0.0,0.0271476776,0.0
zab_leg_01,RAZRIV,0.0,0.0052049823,0.0
B_BLOK_S_n,RAZRIV,0.0,0.001776488,0.0
endocr_02,RAZRIV,0.0,0.0061907832,0.0
n_p_ecg_p_07,RAZRIV,0.0,0.0071705329,0.0
fibr_ter_03,RAZRIV,0.0,0.0092090796,0.0
n_r_ecg_p_01,RAZRIV,0.0,0.010801063,0.0
n_p_ecg_p_11,RAZRIV,0.0,0.0070275826,0.0
np_05,RAZRIV,0.0,0.0194541042,0.0
zab_leg_03,ZSN,0.0,0.0141449803,0.0
LID_S_n,ZSN,0.0,0.0044136255,0.0
n_p_ecg_p_10,ZSN,0.0,0.0032336296,0.0
n_r_ecg_p_05,ZSN,0.0,0.0080151138,0.0
nr_03,ZSN,0.0,0.0094525716,0.0
n_r_ecg_p_04,ZSN,0.0,0.0109076294,0.0
nr_11,ZSN,0.0,0.0204740788,0.0
ritm_ecg_p_04,ZSN,0.0,0.0090321767,0.0
B_BLOK_S_n,ZSN,0.0,0.0045770749,0.0
n_p_ecg_p_07,ZSN,0.0,0.0125780668,0.0
fibr_ter_03,ZSN,0.0,0.0044046434,0.0
n_r_ecg_p_01,ZSN,0.0,0.005636101,0.0
n_p_ecg_p_11,ZSN,0.0,0.0023351791,0.0
np_05,ZSN,0.0,0.0309005473,0.0
MP_TP_POST,DRESSLER,0.0,0.0022666182,0.0
n_p_ecg_p_10,DRESSLER,0.0,0.0003886995,0.0
n_r_ecg_p_05,DRESSLER,0.0,0.0106574897,0.0
NOT_NA_2_n,DRESSLER,0.0,0.0065516045,0.0
NOT_NA_3_n,DRESSLER,0.0031718128,0.0088017298,0.0
R_AB_2_n,DRESSLER,0.0,0.0016325728,0.0
ZSN_A,DRESSLER,0.0,0.0108748607,0.0
LID_KB,DRESSLER,0.0,0.0054516984,0.0
n_p_ecg_p_12,DRESSLER,0.0,0.0107814093,0.0
fibr_ter_02,DRESSLER,0.0,0.0033941151,0.0
n_r_ecg_p_04,DRESSLER,0.0,0.001904239,0.0
n_r_ecg_p_02,DRESSLER,0.0,0.0134258646,0.0
B_BLOK_S_n,DRESSLER,0.0,0.0008957047,0.0
MP_TP_POST,P_IM_STEN,0.0,0.015948484,0.0
n_p_ecg_p_10,P_IM_STEN,0.0,0.0202745966,0.0
NA_R_3_n,P_IM_STEN,0.0000448105,0.0101788379,0.0
NOT_NA_2_n,P_IM_STEN,0.0,0.0093749424,0.0
ritm_ecg_p_07,P_IM_STEN,0.0,0.0073965121,0.0
ZSN_A,P_IM_STEN,0.0,0.010090194,0.0
SIM_GIPERT,P_IM_STEN,0.0,0.0235264067,0.0
fibr_ter_03,P_IM_STEN,0.0,0.0147191978,0.0
n_p_ecg_p_12,P_IM_STEN,0.0,0.0136757473,0.0
fibr_ter_02,P_IM_STEN,0.0,0.0095125769,0.0
n_r_ecg_p_04,P_IM_STEN,0.0,0.0222137463,0.0
n_r_ecg_p_02,P_IM_STEN,0.0,0.061950005,0.0
n_p_ecg_p_07,P_IM_STEN,0.0,0.0033380032,0.0
MP_TP_POST,REC_IM,0.0,0.0019904127,0.0
n_p_ecg_p_10,REC_IM,0.0,0.0105569815,0.0
n_r_ecg_p_05,REC_IM,0.0,0.0107239328,0.0
NA_R_2_n,REC_IM,0.0,0.009155329,0.0
SIM_GIPERT,REC_IM,0.0,0.0240470727,0.0
n_p_ecg_p_12,REC_IM,0.0,0.0113908655,0.0
fibr_ter_02,REC_IM,0.0,0.0250756873,0.0
n_r_ecg_p_04,REC_IM,0.0,0.0036853287,0.0
n_r_ecg_p_02,REC_IM,0.0,0.0306269395,0.0
B_BLOK_S_n,REC_IM,0.0,0.0178444573,0.0
