Attribute,Readmitted,Rulex,SHAP,LIME,Ablation,Cum_Ablation,Curr_Pred,Org_Pred
acetohexamide,1,0.0,0.0,0.0,0.000000027,0.0,0.0868858691,0.0868858662
chlorpropamide,1,0.0,0.0,0.0384860676,0.000000027,0.0,0.0868858691,0.0868858662
citoglipton,1,0.0,0.0,0.0,0.000000027,0.0,0.0868858691,0.0868858662
examide,1,0.0,0.0,0.0,0.000000027,0.0,0.0868858691,0.0868858662
glimepiride-pioglitazone,1,0.0,0.0,0.0,0.000000027,0.0,0.0868858691,0.0868858662
glipizide-metformin,1,0.0,0.0,0.0409945252,0.000000027,0.0,0.0868858691,0.0868858662
metformin-pioglitazone,1,0.0,0.0,0.0,0.000000027,0.0,0.0868858691,0.0868858662
metformin-rosiglitazone,1,0.0,0.0,0.0,0.000000027,0.0,0.0868858691,0.0868858662
miglitol,1,0.0,0.0,0.03697847,0.000000027,0.0,0.0868858691,0.0868858662
race_Other,1,0.0,0.0,0.0132348333,0.000000027,0.0,0.0868858691,0.0868858662
tolazamide,1,0.0,0.0,0.0001140641,0.000000027,0.0,0.0868858691,0.0868858662
tolbutamide,1,0.0,0.0,0.0,0.000000027,0.0,0.0868858691,0.0868858662
troglitazone,1,0.0,0.0,0.0,0.000000027,0.000000027,0.0868858691,0.0868858662
nateglinide,1,0.0,0.0040484354,0.0175998108,0.0000142631,0.0000137036,0.0868995727,0.0868858662
acarbose,1,0.0,0.0037248253,0.0218510474,0.0001866656,0.0001792707,0.0867569295,0.0868858662
diag_2_Injury,1,0.0,0.0071671969,0.0104267784,0.0001948477,0.0004351236,0.0868191987,0.0868858662
race_Hispanic,1,0.0,0.0060175223,0.0139672247,0.0002492898,0.0004757345,0.0868933988,0.0868858662
glyburide-metformin,1,0.0,0.0052322769,0.0150466078,0.0003675146,0.000611605,0.086814031,0.0868858662
diag_1_Neoplasms,1,0.0,0.0055951526,0.008128961,0.00043305,0.0008225442,0.0867166462,0.0868858662
race_Asian,1,0.0,0.0146982208,0.0157392679,0.000720042,0.0011477542,0.0864525108,0.0868858662
glimepiride,1,0.0,0.0147865829,0.0080084999,0.0009903741,0.001677341,0.0865817689,0.0868858662
diag_3_Musculoskeletal,1,0.0,0.0124189779,0.0109224559,0.0009946305,0.0018545119,0.0867232344,0.0868858662
diag_2_Musculoskeletal,1,0.0,0.0174923263,0.0110312912,0.0011698256,0.0021010475,0.0863673056,0.0868858662
diag_2_Digestive,1,0.0,0.0301147835,0.0081224301,0.0013463862,0.0023313132,0.0861757993,0.0868858662
diag_3_Neoplasms,1,0.0,0.0193238541,0.0101874633,0.0013464281,0.0025211413,0.0862161244,0.0868858662
diag_3_Genitourinary,1,0.0009288893,0.0194388937,0.006633071,0.0014673691,0.0025310886,0.0859568819,0.0868858662
repaglinide,1,0.0,0.024767427,0.0255520532,0.0015981845,0.0032161797,0.0864425424,0.0868858662
diag_3_Injury,1,0.0,0.0274923471,0.0107366468,0.0016127806,0.0032664618,0.0855701387,0.0868858662
diag_1_Musculoskeletal,1,0.000498758,0.0310150983,0.007255329,0.0017668635,0.0037614758,0.0857823977,0.0868858662
rosiglitazone,1,0.0,0.0468033874,0.0094482393,0.0018522535,0.0040004778,0.0857662857,0.0868858662
diag_2_Neoplasms,1,0.0,0.0470473739,0.0104134069,0.0019759564,0.004279468,0.0865818959,0.0868858662
diag_1_Diabetes,1,0.0015206754,0.0304478447,0.0054474134,0.0019424378,0.0044733349,0.0862341614,0.0868858662
diag_1_Digestive,1,0.0011479423,0.023318918,0.0054886451,0.0025215487,0.0049281616,0.0861337092,0.0868858662
race_Caucasian,1,0.0003457078,0.0213035252,0.0,0.0028119407,0.0049694205,0.0864614544,0.0868858662
diag_2_Genitourinary,1,0.0,0.0258515022,0.0061080167,0.0024974135,0.0049836569,0.0863885763,0.0868858662
glyburide,1,0.0001925299,0.030371351,0.0059064523,0.0028930684,0.0055145261,0.0854970363,0.0868858662
diag_3_Digestive,1,0.0,0.0219310747,0.0087936989,0.0026883566,0.0057238615,0.0866138129,0.0868858662
diag_1_Injury,1,0.0009376589,0.0294349339,0.006140125,0.0029583047,0.006038498,0.0859582237,0.0868858662
glipizide,1,0.0,0.029298787,0.0063048998,0.0032896039,0.0061563948,0.0857664391,0.0868858662
diag_3_Respiratory,1,0.0008276427,0.0506173911,0.0061530664,0.0037610678,0.0062922516,0.086127697,0.0868858662
diag_1_Genitourinary,1,0.0,0.1003341348,0.0071379518,0.0050586729,0.0082268763,0.0877703653,0.0868858662
pioglitazone,1,0.0,0.0573364997,0.0235871012,0.0049584775,0.0082622317,0.0875848446,0.0868858662
metformin,1,0.0,0.0575174099,0.0042680922,0.0057095207,0.0085811547,0.0879214323,0.0868858662
diag_1_Other,1,0.0025797686,0.0608252861,0.0043051121,0.0064131405,0.0091040622,0.0877996352,0.0868858662
number_emergency,1,0.0000451467,0.0821902169,0.0056756018,0.0070295081,0.0102667724,0.0885656945,0.0868858662
gender_Female,1,0.0,0.0796265183,0.0031261223,0.0087261095,0.0115225903,0.0884165954,0.0868858662
diabetesMed,1,0.0,0.1150052962,0.0,0.0087806624,0.011527444,0.086517292,0.0868858662
number_outpatient,1,0.0000003234,0.1037537656,0.024561471,0.0087988867,0.0128891568,0.0873878341,0.0868858662
diag_2_Diabetes,1,0.0,0.0960314618,0.0048311121,0.0091050528,0.013126518,0.0889232414,0.0868858662
diag_3_Diabetes,1,0.000686203,0.0973619993,0.0042531563,0.0093846324,0.0140989211,0.0893322831,0.0868858662
race_AfricanAmerican,1,0.0017761828,0.1385128907,0.0039617339,0.011857289,0.014607079,0.0910881907,0.0868858662
diag_1_Respiratory,1,0.0017209068,0.1057683283,0.0043413813,0.0118556447,0.0159505368,0.0916457357,0.0868858662
diag_1_Circulatory,1,0.0026691974,0.1304105242,0.0034830824,0.0131190903,0.0172884,0.0931400322,0.0868858662
diag_2_Other,1,0.0,0.1263796108,0.0036354781,0.0127896904,0.0176303257,0.0917226413,0.0868858662
diag_2_Respiratory,1,0.0,0.1393263291,0.0054449332,0.0133587558,0.018592061,0.0950681351,0.0868858662
diag_3_Circulatory,1,0.000846666,0.172889725,0.0032522034,0.0134063654,0.0187655523,0.0932289974,0.0868858662
admission_source_id,1,0.0000138797,0.1816335326,0.0187639143,0.0152576249,0.0191052161,0.0931972418,0.0868858662
diag_3_Other,1,0.0,0.2083411627,0.0036961688,0.0152300714,0.0194710448,0.0933468098,0.0868858662
admission_type_id,1,0.0000764247,0.2165829455,0.0125926148,0.0179867556,0.0217070842,0.0931893518,0.0868858662
insulin,1,0.0001785572,0.2263615871,0.0053017903,0.0206231842,0.0222146986,0.0945082723,0.0868858662
diag_2_Circulatory,1,0.0,0.1528876524,0.0033215326,0.0158535992,0.0234957389,0.0916090205,0.0868858662
number_diagnoses,1,0.0001901985,0.3092235628,0.027427206,0.0237802895,0.0266685317,0.0975755841,0.0868858662
change,1,0.0,0.2237951179,0.0031903896,0.0224846054,0.0275655204,0.0972434913,0.0868858662
num_procedures,1,0.0001861963,0.2859620208,0.015012676,0.0248880405,0.0279406329,0.0980053885,0.0868858662
discharge_disposition_id,1,0.0007164762,0.3561455278,0.0390173901,0.0253239246,0.0303543952,0.0978823414,0.0868858662
age,1,0.0000146143,0.3228685847,0.0247375323,0.0289515135,0.0313917753,0.1029510795,0.0868858662
num_medications,1,0.0004133473,0.4693294997,0.0227576949,0.0355330621,0.0356548794,0.1010841521,0.0868858662
number_inpatient,1,0.0034271473,0.5436749554,0.0691275409,0.0430790772,0.0436579824,0.1064208212,0.0868858662
time_in_hospital,1,0.0004177068,0.5317366492,0.024245128,0.0455521728,0.0465619617,0.1163026809,0.0868858662
num_lab_procedures,1,0.0025016459,0.7263086224,0.0277730752,0.0468751092,0.0487851576,0.1283018057,0.0868858662
