Attribute,Readmitted,Rulex,SHAP,LIME,Ablation ,Cum_Ablation,Curr_Pred,Org_Pred
acetohexamide,1,0.0,0.0,0.0,0.000000027,0.0,0.0868858691,0.0868858662
chlorpropamide,1,0.0,0.0,0.0394045279,0.000000027,0.0,0.0868858691,0.0868858662
citoglipton,1,0.0,0.0,0.0,0.000000027,0.0,0.0868858691,0.0868858662
examide,1,0.0,0.0,0.0,0.000000027,0.0,0.0868858691,0.0868858662
gender_Male,1,0.0,0.0,0.0030179033,0.000000027,0.0,0.0868858691,0.0868858662
glimepiride-pioglitazone,1,0.0,0.0,0.0,0.000000027,0.0,0.0868858691,0.0868858662
glipizide-metformin,1,0.0,0.0,0.0368379152,0.000000027,0.0,0.0868858691,0.0868858662
metformin-pioglitazone,1,0.0,0.0,0.0,0.000000027,0.0,0.0868858691,0.0868858662
metformin-rosiglitazone,1,0.0,0.0,0.0,0.000000027,0.0,0.0868858691,0.0868858662
miglitol,1,0.0,0.0,0.0388585137,0.000000027,0.0,0.0868858691,0.0868858662
race_Other,1,0.0,0.0,0.0129451649,0.000000027,0.0,0.0868858691,0.0868858662
tolazamide,1,0.0,0.0,0.0001110966,0.000000027,0.0,0.0868858691,0.0868858662
tolbutamide,1,0.0,0.0,0.0,0.000000027,0.0,0.0868858691,0.0868858662
troglitazone,1,0.0,0.0,0.0,0.000000027,0.000000027,0.0868858691,0.0868858662
nateglinide,1,0.0,0.0040484354,0.0181243054,0.0000100251,0.000008613,0.086894482,0.0868858662
acarbose,1,0.0,0.0037248253,0.0216429336,0.0001666982,0.0001585879,0.0867748012,0.0868858662
diag_2_Injury,1,0.0,0.0071671969,0.010816524,0.0002053117,0.0003980116,0.0868231533,0.0868858662
race_Hispanic,1,0.0,0.0060175223,0.0139301175,0.0002200368,0.0005326274,0.0868682761,0.0868858662
glyburide-metformin,1,0.0,0.0052322769,0.0145230335,0.000368936,0.000676643,0.086789373,0.0868858662
diag_1_Neoplasms,1,0.0,0.0055951526,0.0078647851,0.000402299,0.0008789936,0.0866777629,0.0868858662
race_Asian,1,0.0,0.0146982208,0.0155834602,0.0006653678,0.0011183485,0.0866038967,0.0868858662
diag_3_Musculoskeletal,1,0.0,0.0124189779,0.0103389752,0.0009416602,0.0017857529,0.0865277303,0.0868858662
glimepiride,1,0.0,0.0147865829,0.0080264237,0.0010494142,0.0018435142,0.0866258217,0.0868858662
diag_2_Musculoskeletal,1,0.0,0.0174923263,0.0105542603,0.0011129364,0.0021262883,0.0862934986,0.0868858662
diag_2_Digestive,1,0.0,0.0301147835,0.0082891483,0.0012471542,0.0022869088,0.0863936079,0.0868858662
diag_3_Genitourinary,1,0.0,0.0194388937,0.006155529,0.0014254494,0.002687765,0.0862080534,0.0868858662
diag_3_Neoplasms,1,0.0,0.0193238541,0.0102984009,0.0012579397,0.0027122625,0.0860408966,0.0868858662
repaglinide,1,0.0,0.024767427,0.0255449895,0.0015058186,0.0030625848,0.0865050567,0.0868858662
diag_3_Injury,1,0.0,0.0274923471,0.0112361951,0.0015323128,0.003063664,0.085724858,0.0868858662
rosiglitazone,1,0.0,0.0468033874,0.0101031614,0.0018082071,0.0036577406,0.0860280457,0.0868858662
diag_1_Diabetes,1,0.0,0.0304478447,0.0054282394,0.0018509241,0.00388454,0.0859171382,0.0868858662
diag_2_Neoplasms,1,0.0,0.0470473739,0.010005277,0.0020315617,0.0038983996,0.0862621127,0.0868858662
diag_1_Musculoskeletal,1,0.0,0.0310150983,0.0072002323,0.001870074,0.0040251497,0.0862500868,0.0868858662
diag_2_Genitourinary,1,0.0,0.0258515022,0.0061498155,0.0024783199,0.0047940541,0.0861272107,0.0868858662
diag_1_Digestive,1,0.0,0.023318918,0.0054216443,0.0025367608,0.0048330806,0.0866765678,0.0868858662
race_Caucasian,1,0.0002650026,0.0213035252,0.0,0.0027526469,0.0051953309,0.0864792141,0.0868858662
diag_1_Injury,1,0.0,0.0294349339,0.0057447174,0.0028127903,0.0052724966,0.0873438924,0.0868858662
glyburide,1,0.0000308728,0.030371351,0.0062577185,0.0029664111,0.0053656715,0.0861190759,0.0868858662
diag_3_Digestive,1,0.0,0.0219310747,0.0081491304,0.002685575,0.0056219528,0.0865804464,0.0868858662
glipizide,1,0.0,0.029298787,0.006383559,0.0033281564,0.0056589248,0.0860720229,0.0868858662
diag_3_Respiratory,1,0.0,0.0506173911,0.0057710067,0.0037268852,0.0066526173,0.0855908536,0.0868858662
pioglitazone,1,0.0,0.0573364997,0.023509947,0.0049857559,0.0077367423,0.087999,0.0868858662
metformin,1,0.0,0.0575174099,0.0043369505,0.0056456861,0.0078909954,0.0882113069,0.0868858662
diag_1_Genitourinary,1,0.0,0.1003341348,0.0070485573,0.0050500974,0.0080669223,0.0879623794,0.0868858662
diag_1_Other,1,0.0,0.0608252861,0.0042966138,0.0067085557,0.0085782583,0.0885090147,0.0868858662
number_emergency,1,0.0,0.0821902169,0.006216848,0.0071080356,0.0102607037,0.0881852286,0.0868858662
diabetesMed,1,0.0,0.1150052962,0.0,0.0087231581,0.0111170193,0.086646806,0.0868858662
gender_Female,1,0.0,0.0796265183,0.0031539241,0.0088443783,0.0117660817,0.0876195362,0.0868858662
number_outpatient,1,0.0,0.1037537656,0.0240651781,0.0088042108,0.0129147086,0.08786936,0.0868858662
diag_2_Diabetes,1,0.0,0.0960314618,0.0046807817,0.0091124581,0.0131452171,0.0884718225,0.0868858662
race_AfricanAmerican,1,0.0010501932,0.1385128907,0.0040207393,0.0116235113,0.0131762559,0.0893721104,0.0868858662
diag_3_Diabetes,1,0.0,0.0973619993,0.0042645485,0.0094202286,0.0137534779,0.0899080512,0.0868858662
diag_1_Circulatory,1,0.0,0.1304105242,0.0034061804,0.0127373287,0.0162109359,0.0931490735,0.0868858662
diag_1_Respiratory,1,0.0,0.1057683283,0.0042345536,0.0119276988,0.0168981448,0.0907386132,0.0868858662
diag_3_Circulatory,1,0.0,0.172889725,0.0033384567,0.0130163065,0.0173393952,0.0932174743,0.0868858662
diag_2_Respiratory,1,0.0,0.1393263291,0.0050100242,0.0129391036,0.0174873024,0.0952135075,0.0868858662
diag_2_Other,1,0.0,0.1263796108,0.0037016771,0.0123899205,0.0182153869,0.091298349,0.0868858662
admission_source_id,1,0.0001172406,0.1816335326,0.0185481742,0.0155377006,0.0188132139,0.0932329593,0.0868858662
diag_3_Other,1,0.0,0.2083411627,0.0035186614,0.0149887217,0.0209492834,0.0930664722,0.0868858662
insulin,1,0.0014134816,0.2263615871,0.0054854355,0.02097345,0.0218658844,0.0951879315,0.0868858662
admission_type_id,1,0.0000101798,0.2165829455,0.012532275,0.0174121482,0.0219609666,0.0924517347,0.0868858662
diag_2_Circulatory,1,0.0,0.1528876524,0.0032750536,0.0161505447,0.0231281396,0.0918684503,0.0868858662
number_diagnoses,1,0.0001731585,0.3092235628,0.0269207777,0.0237891382,0.0259905304,0.0961107988,0.0868858662
num_procedures,1,0.0000669446,0.2859620208,0.0152253936,0.0245766221,0.026667915,0.0967975612,0.0868858662
change,1,0.0001213971,0.2237951179,0.0030695032,0.0230642764,0.0271323421,0.0964520202,0.0868858662
discharge_disposition_id,1,0.0001756448,0.3561455278,0.0390473298,0.0251448834,0.0292650965,0.0964859168,0.0868858662
age,1,0.0001459494,0.3228685847,0.0248899828,0.028545216,0.0310338914,0.1049466811,0.0868858662
num_medications,1,0.0003177526,0.4693294997,0.0227899888,0.0358804651,0.0383383643,0.1009156561,0.0868858662
number_inpatient,1,0.0000118321,0.5436749554,0.0691269983,0.0432328717,0.042750646,0.1045297953,0.0868858662
time_in_hospital,1,0.0003236444,0.5317366492,0.024535561,0.0447913674,0.0471697013,0.117075572,0.0868858662
num_lab_procedures,1,0.0003598506,0.7263086224,0.0278586001,0.04635675,0.0493652322,0.126104321,0.0868858662
